Fincas Registrales,CCAA,Provincia,Municipio,Dirección,% Participación,Tipo,% Construido,Uso,Tipología,Clasificación,Superficie Registral del Suelo,Edificabilidad Sobre Rasante (m2),Edificabilidad Bajo Rasante (m2),Nº Viviendas,Nº Viviendas Libres,Nº Viviendas Protegidas,Edificabilidad Residencial Libre (m2),Edificabilidad Residencial Protegida (m2),Edificabilidad Comercial (m2),Edificabilidad Oficinas (m2),Edificabilidad Industrial (m2),Edificabilidad Hotelero (m2),Edificabilidad Otros (m2),PVP (€),Referencia Catastral
22,Cataluña,Barcelona,Vilanova I La Geltru,Plaza De La Moixiganga 0   6 31,n.a.,WIP,Terciario,Terciario Comercial,Oficina,Suelo Urbano,1.065,1.120,359,-,-,-,-,-,96,1.024,-,-,-,750.000,3252503CF9635S0059MD
21,Cataluña,Barcelona,Corbera De Llobregat,Calle Ampliacio Del Casc 28  A . . .,n.a.,Suelo,Residencial,Residencial,Unifamiliar,Suelo Urbano,30.001,22.498,-,51,51,-,22.498,-,-,-,-,-,-,1.486.200,9753203DF0895S0001AQ
5,Cataluña,Barcelona,Navarcles,Calle De La Sort 1   2 3,n.a.,Suelo,Residencial,n.a.,n.a.,Otros,-,-,-,-,-,-,-,-,-,-,-,-,-,145.500,8928401DG0282N0007DZ
2,Cataluña,Tarragona,Creixell,Calle Pinetell Del 0   . . .,n.a.,Suelo,Residencial,Residencial,Unifamiliar,Suelo Urbanizable,9.605,5.186,1.920,48,48,-,5.186,-,-,-,-,-,-,414.000,0086102CF7508N0001AK
1,Cataluña,Barcelona,Sant Pere De Ribes,Calle Lleida 6   . . .,n.a.,Suelo,Residencial,Residencial,Plurifamiliar,Suelo Urbano,500,1.603,500,16,16,-,1.603,-,-,-,-,-,-,343.000,5251818CF9655S0001YQ
45,Cataluña,Tarragona,Ulldecona,Calle Major 181  P 25 25,-,WIP,Residencial,Residencial / Comercial,Plurifamiliar,Suelo Urbano,1.095,2.049,716,19,19,-,1.923,-,126,-,-,-,-,779.900,3869702BE8936H0026BA
24,Cataluña,Tarragona,Deltebre,Calle Ametlla De Mar 7  . 3 3,n.a.,WIP,Residencial,Residencial,Plurifamiliar,Suelo Urbano,345,1.969,-,24,24,-,1.969,-,-,-,-,-,-,684.300,5707703CF0150N0001IT
1,Cataluña,Tarragona,El Catllar,Calle Escoles Noves 1   . . .,n.a.,WIP,Residencial,Residencial,Plurifamiliar,Suelo Urbano,216,550,208,7,7,-,550,-,-,-,-,-,-,285.000,9396915CF5599N0001IQ
18,Cataluña,Tarragona,Capafonts,Calle Ferratgetes 2  - E E,n.a.,WIP,Residencial,Residencial,Plurifamiliar,Suelo Urbano,1.274,1.777,-,18,18,-,1.777,-,-,-,-,-,-,553.000,4935709CF3743F0014MP
4,Cataluña,Barcelona,Corbera De Llobregat,Calle Ampliacio Del Casc 2  B . . .,n.a.,Suelo,Residencial,Residencial,Plurifamiliar,Suelo Urbano,9.954,17.919,7.160,179,179,-,17.919,-,-,-,-,-,-,1.716.000,0049602DF1804N0001ZZ
2,Cataluña,Barcelona,Arenys De Munt,Plaza P.P. B-1 Riera Sobirans 0   . . .,n.a.,Suelo,Residencial,Residencial,Varios,Suelo Urbanizable,3.598,836,360,9,5,4,714,121,-,-,-,-,-,192.000,1274804DG6017S0001OR
1,Cataluña,Tarragona,Tortosa,Calle Hospitalet 5   . . .,n.a.,Suelo,Residencial,Residencial,Plurifamiliar,Suelo Urbano,1.011,3.710,1.480,37,37,-,3.710,-,-,-,-,-,-,Precio a consultar,1115401BF9211E0001XW
1,Cataluña,Barcelona,Barcelona,Avda Meridiana 236  B . . .,n.a.,Suelo,Residencial,Dotacional Privado,Mixto,Suelo Urbano,497,4.600,1.840,-,-,-,-,-,-,-,-,-,-,,
